Postcode,Number of polluting facilities,Total emissions in the air (kg),Level of pollution
800,5,1070736.886,High
810,0,0,No polluting facilities
812,2,42771.27926,Medium
815,0,0,No polluting facilities
820,0,0,No polluting facilities
822,22,15432012.41,High
828,0,0,No polluting facilities
829,0,0,No polluting facilities
830,0,0,No polluting facilities
832,0,0,No polluting facilities
834,0,0,No polluting facilities
835,0,0,No polluting facilities
836,0,0,No polluting facilities
837,0,0,No polluting facilities
838,0,0,No polluting facilities
839,0,0,No polluting facilities
840,0,0,No polluting facilities
841,0,0,No polluting facilities
845,0,0,No polluting facilities
846,1,126429.427,Medium
847,1,91621.089,Medium
850,1,51922.79941,Medium
852,9,9109005.914,High
853,0,0,No polluting facilities
854,1,24743.5741,Medium
860,1,61435.93669,Medium
862,1,5981.48333,Low
870,4,2557976.614,High
872,9,3382825.768,High
873,0,0,No polluting facilities
874,0,0,No polluting facilities
875,0,0,No polluting facilities
880,2,1674247.874,High
885,1,2369260.71,High
886,0,0,No polluting facilities
2000,0,0,No polluting facilities
2006,0,0,No polluting facilities
2007,0,0,No polluting facilities
2008,0,0,No polluting facilities
2009,0,0,No polluting facilities
2010,0,0,No polluting facilities
2011,0,0,No polluting facilities
2015,2,47576.95609,Medium
2016,0,0,No polluting facilities
2017,0,0,No polluting facilities
2018,1,1619.883,Low
2019,7,2353723.248,High
2020,2,36714.46708,Medium
2021,0,0,No polluting facilities
2022,0,0,No polluting facilities
2023,0,0,No polluting facilities
2024,0,0,No polluting facilities
2025,0,0,No polluting facilities
2026,1,46067,Medium
2027,0,0,No polluting facilities
2028,0,0,No polluting facilities
2029,0,0,No polluting facilities
2030,0,0,No polluting facilities
2031,0,0,No polluting facilities
2032,0,0,No polluting facilities
2033,0,0,No polluting facilities
2034,0,0,No polluting facilities
2035,0,0,No polluting facilities
2036,9,448088.8085,Medium
2037,0,0,No polluting facilities
2038,0,0,No polluting facilities
2039,0,0,No polluting facilities
2040,0,0,No polluting facilities
2041,0,0,No polluting facilities
2042,0,0,No polluting facilities
2043,0,0,No polluting facilities
2044,0,0,No polluting facilities
2045,0,0,No polluting facilities
2046,0,0,No polluting facilities
2047,0,0,No polluting facilities
2048,0,0,No polluting facilities
2049,0,0,No polluting facilities
2050,0,0,No polluting facilities
2052,1,2061.7116,Low
2060,0,0,No polluting facilities
2061,0,0,No polluting facilities
2062,0,0,No polluting facilities
2063,0,0,No polluting facilities
2064,1,23784.98,Medium
2065,2,3629.4704,Low
2066,1,8517.326526,Low
2067,0,0,No polluting facilities
2068,0,0,No polluting facilities
2069,0,0,No polluting facilities
2070,0,0,No polluting facilities
2071,0,0,No polluting facilities
2072,0,0,No polluting facilities
2073,0,0,No polluting facilities
2074,0,0,No polluting facilities
2075,0,0,No polluting facilities
2076,0,0,No polluting facilities
2077,1,1858.466224,Low
2079,0,0,No polluting facilities
2080,1,4065.784398,Low
2081,0,0,No polluting facilities
2082,0,0,No polluting facilities
2083,0,0,No polluting facilities
2084,0,0,No polluting facilities
2085,3,11334.91097,Medium
2086,0,0,No polluting facilities
2087,0,0,No polluting facilities
2088,0,0,No polluting facilities
2089,0,0,No polluting facilities
2090,0,0,No polluting facilities
2092,0,0,No polluting facilities
2093,0,0,No polluting facilities
2094,0,0,No polluting facilities
2095,1,79031,Medium
2096,0,0,No polluting facilities
2097,0,0,No polluting facilities
2099,0,0,No polluting facilities
2100,1,1439.507154,Low
2101,0,0,No polluting facilities
2102,1,6815,Low
2103,0,0,No polluting facilities
2104,0,0,No polluting facilities
2105,0,0,No polluting facilities
2106,0,0,No polluting facilities
2107,0,0,No polluting facilities
2108,0,0,No polluting facilities
2109,0,0,No polluting facilities
2110,0,0,No polluting facilities
2111,0,0,No polluting facilities
2112,0,0,No polluting facilities
2113,1,1593.689977,Low
2114,0,0,No polluting facilities
2115,1,2306.3,Low
2116,0,0,No polluting facilities
2117,0,0,No polluting facilities
2118,0,0,No polluting facilities
2119,0,0,No polluting facilities
2120,0,0,No polluting facilities
2121,0,0,No polluting facilities
2122,0,0,No polluting facilities
2123,0,0,No polluting facilities
2125,0,0,No polluting facilities
2126,0,0,No polluting facilities
2127,1,5596.47363,Low
2128,1,10418.14,Medium
2129,0,0,No polluting facilities
2130,0,0,No polluting facilities
2131,0,0,No polluting facilities
2132,0,0,No polluting facilities
2133,0,0,No polluting facilities
2134,0,0,No polluting facilities
2135,0,0,No polluting facilities
2136,2,25750.6902,Medium
2137,0,0,No polluting facilities
2138,0,0,No polluting facilities
2139,0,0,No polluting facilities
2140,0,0,No polluting facilities
2141,3,156714.6445,Medium
2142,7,143164.8518,Medium
2143,0,0,No polluting facilities
2144,0,0,No polluting facilities
2145,1,4062.09,Low
2146,0,0,No polluting facilities
2147,1,2656.1261,Low
2148,4,32354.13265,Medium
2150,0,0,No polluting facilities
2151,2,3006.4961,Low
2152,1,956.8350086,Low
2153,0,0,No polluting facilities
2154,0,0,No polluting facilities
2155,0,0,No polluting facilities
2156,0,0,No polluting facilities
2157,0,0,No polluting facilities
2158,0,0,No polluting facilities
2159,0,0,No polluting facilities
2160,0,0,No polluting facilities
2161,0,0,No polluting facilities
2162,0,0,No polluting facilities
2163,1,702,Low
2164,14,286226.4882,Medium
2165,0,0,No polluting facilities
2166,0,0,No polluting facilities
2167,0,0,No polluting facilities
2168,0,0,No polluting facilities
2170,7,45450.24597,Medium
2171,0,0,No polluting facilities
2172,0,0,No polluting facilities
2173,0,0,No polluting facilities
2174,0,0,No polluting facilities
2175,3,932286.79,High
2176,0,0,No polluting facilities
2177,0,0,No polluting facilities
2178,2,218933.5878,Medium
2179,0,0,No polluting facilities
2190,3,27904.70581,Medium
2191,0,0,No polluting facilities
2192,0,0,No polluting facilities
2193,0,0,No polluting facilities
2194,0,0,No polluting facilities
2195,0,0,No polluting facilities
2196,2,59488.0218,Medium
2197,0,0,No polluting facilities
2198,1,8452.40673,Low
2199,1,2442.682983,Low
2200,0,0,No polluting facilities
2203,0,0,No polluting facilities
2204,0,0,No polluting facilities
2205,0,0,No polluting facilities
2206,0,0,No polluting facilities
2207,0,0,No polluting facilities
2208,0,0,No polluting facilities
2209,0,0,No polluting facilities
2210,0,0,No polluting facilities
2211,0,0,No polluting facilities
2212,2,9552.6,Low
2213,0,0,No polluting facilities
2214,0,0,No polluting facilities
2216,0,0,No polluting facilities
2217,1,2049.00545,Low
2218,0,0,No polluting facilities
2219,0,0,No polluting facilities
2220,0,0,No polluting facilities
2221,0,0,No polluting facilities
2222,0,0,No polluting facilities
2223,0,0,No polluting facilities
2224,0,0,No polluting facilities
2225,0,0,No polluting facilities
2226,0,0,No polluting facilities
2227,0,0,No polluting facilities
2228,0,0,No polluting facilities
2229,0,0,No polluting facilities
2230,0,0,No polluting facilities
2231,1,35983,Medium
2232,0,0,No polluting facilities
2233,0,0,No polluting facilities
2234,3,332612.5632,Medium
2250,8,439688.1851,Medium
2251,3,16951.12061,Medium
2256,1,40799.058,Medium
2257,0,0,No polluting facilities
2258,0,0,No polluting facilities
2259,4,37308298.92,High
2260,0,0,No polluting facilities
2261,1,6488.784207,Low
2262,2,16042.23927,Medium
2263,0,0,No polluting facilities
2264,2,49655711.48,High
2265,1,2414.567234,Low
2267,1,2.84293e-4,Low
2278,0,0,No polluting facilities
2280,0,0,No polluting facilities
2281,0,0,No polluting facilities
2282,0,0,No polluting facilities
2283,2,110688.7134,Medium
2284,1,6938.4208,Low
2285,1,7043.046,Low
2286,0,0,No polluting facilities
2287,1,19725.98488,Medium
2289,0,0,No polluting facilities
2290,1,2278.8195,Low
2291,0,0,No polluting facilities
2292,0,0,No polluting facilities
2293,0,0,No polluting facilities
2294,2,31927.8269,Medium
2295,0,0,No polluting facilities
2296,0,0,No polluting facilities
2297,1,0.005,Low
2298,0,0,No polluting facilities
2299,0,0,No polluting facilities
2300,0,0,No polluting facilities
2302,0,0,No polluting facilities
2303,0,0,No polluting facilities
2304,9,1426131.866,High
2305,0,0,No polluting facilities
2306,0,0,No polluting facilities
2307,0,0,No polluting facilities
2308,0,0,No polluting facilities
2311,0,0,No polluting facilities
2312,0,0,No polluting facilities
2314,0,0,No polluting facilities
2315,0,0,No polluting facilities
2316,0,0,No polluting facilities
2317,0,0,No polluting facilities
2318,0,0,No polluting facilities
2319,0,0,No polluting facilities
2320,5,227777.6177,Medium
2321,0,0,No polluting facilities
2322,8,11352675.66,High
2323,2,1026980.45,High
2324,3,396980.5802,Medium
2325,1,425918.195,Medium
2326,0,0,No polluting facilities
2327,1,17057.158,Medium
2328,0,0,No polluting facilities
2329,0,0,No polluting facilities
2330,14,64332903.4,High
2331,0,0,No polluting facilities
2333,7,161195612.7,High
2334,0,0,No polluting facilities
2335,0,0,No polluting facilities
2336,0,0,No polluting facilities
2337,1,6636.806698,Low
2338,0,0,No polluting facilities
2339,0,0,No polluting facilities
2340,7,254594.3067,Medium
2341,1,2135379.181,High
2342,1,62777.73753,Medium
2343,3,203686.1328,Medium
2344,0,0,No polluting facilities
2345,1,349310.969,Medium
2346,0,0,No polluting facilities
2347,0,0,No polluting facilities
2350,0,0,No polluting facilities
2351,0,0,No polluting facilities
2352,0,0,No polluting facilities
2353,0,0,No polluting facilities
2354,0,0,No polluting facilities
2355,0,0,No polluting facilities
2356,0,0,No polluting facilities
2357,0,0,No polluting facilities
2358,0,0,No polluting facilities
2359,0,0,No polluting facilities
2360,1,172431.9803,Medium
2361,0,0,No polluting facilities
2365,0,0,No polluting facilities
2369,0,0,No polluting facilities
2370,1,536284.6,High
2371,0,0,No polluting facilities
2372,0,0,No polluting facilities
2379,0,0,No polluting facilities
2380,2,873505.587,High
2381,0,0,No polluting facilities
2382,3,16326679.76,High
2386,0,0,No polluting facilities
2387,0,0,No polluting facilities
2388,0,0,No polluting facilities
2390,4,1331677.055,High
2395,0,0,No polluting facilities
2396,0,0,No polluting facilities
2397,0,0,No polluting facilities
2398,0,0,No polluting facilities
2399,0,0,No polluting facilities
2400,0,0,No polluting facilities
2401,0,0,No polluting facilities
2402,0,0,No polluting facilities
2403,1,99836.1,Medium
2404,0,0,No polluting facilities
2405,0,0,No polluting facilities
2406,0,0,No polluting facilities
2408,1,209931.019,Medium
2409,0,0,No polluting facilities
2410,0,0,No polluting facilities
2411,0,0,No polluting facilities
2415,1,1998375.52,High
2420,1,67378.37,Medium
2421,0,0,No polluting facilities
2422,1,0.147,Low
2423,0,0,No polluting facilities
2424,0,0,No polluting facilities
2425,0,0,No polluting facilities
2426,0,0,No polluting facilities
2427,0,0,No polluting facilities
2428,1,8.99e-4,Low
2429,1,601178.892,High
2430,2,38188.97612,Medium
2431,0,0,No polluting facilities
2439,0,0,No polluting facilities
2440,1,40086.96677,Medium
2441,0,0,No polluting facilities
2443,2,76534.90781,Medium
2444,0,0,No polluting facilities
2445,0,0,No polluting facilities
2446,1,21850.45,Medium
2447,2,184017.0825,Medium
2448,1,19204.946,Medium
2449,0,0,No polluting facilities
2450,3,90442.92046,Medium
2452,0,0,No polluting facilities
2453,0,0,No polluting facilities
2454,0,0,No polluting facilities
2455,0,0,No polluting facilities
2456,0,0,No polluting facilities
2460,0,0,No polluting facilities
2462,0,0,No polluting facilities
2463,0,0,No polluting facilities
2464,0,0,No polluting facilities
2465,1,656032.6463,High
2466,0,0,No polluting facilities
2469,0,0,No polluting facilities
2470,1,93369.35,Medium
2471,1,68859.21,Medium
2472,2,584117.603,High
2473,0,0,No polluting facilities
2474,1,10768.0094,Medium
2475,0,0,No polluting facilities
2476,0,0,No polluting facilities
2477,1,121400.1239,Medium
2478,2,83846.54505,Medium
2479,0,0,No polluting facilities
2480,1,5.16887e-4,Low
2481,0,0,No polluting facilities
2482,0,0,No polluting facilities
2483,0,0,No polluting facilities
2484,2,479566.68,Medium
2485,0,0,No polluting facilities
2486,0,0,No polluting facilities
2487,0,0,No polluting facilities
2488,0,0,No polluting facilities
2489,0,0,No polluting facilities
2490,0,0,No polluting facilities
2500,2,120737.354,Medium
2502,1,771.93173,Low
2505,4,13789328.04,High
2506,0,0,No polluting facilities
2508,1,92858.523,Medium
2515,0,0,No polluting facilities
2516,0,0,No polluting facilities
2517,0,0,No polluting facilities
2518,0,0,No polluting facilities
2519,0,0,No polluting facilities
2522,0,0,No polluting facilities
2525,0,0,No polluting facilities
2526,2,115829.4446,Medium
2527,1,306781.193,Medium
2528,0,0,No polluting facilities
2529,3,368691.5356,Medium
2530,1,57396.719,Medium
2533,1,15652.3,Medium
2534,0,0,No polluting facilities
2535,0,0,No polluting facilities
2536,0,0,No polluting facilities
2537,0,0,No polluting facilities
2538,0,0,No polluting facilities
2539,0,0,No polluting facilities
2540,1,21335.984,Medium
2541,1,1078394.792,High
2545,0,0,No polluting facilities
2546,0,0,No polluting facilities
2548,0,0,No polluting facilities
2549,0,0,No polluting facilities
2550,2,87348.76983,Medium
2551,0,0,No polluting facilities
2555,1,17255.75,Medium
2556,1,138740.198,Medium
2557,0,0,No polluting facilities
2558,0,0,No polluting facilities
2559,0,0,No polluting facilities
2560,4,466506.1205,Medium
2563,0,0,No polluting facilities
2564,1,20837,Medium
2565,3,43689.21171,Medium
2566,3,137546.614,Medium
2567,1,60630.219,Medium
2568,0,0,No polluting facilities
2569,2,1971330.071,High
2570,0,0,No polluting facilities
2571,2,97837.032,Medium
2572,0,0,No polluting facilities
2573,1,51320.6082,Medium
2574,1,71405.38,Medium
2575,0,0,No polluting facilities
2576,1,163197.522,Medium
2577,3,3164972.118,High
2578,0,0,No polluting facilities
2579,2,437670.9973,Medium
2580,2,629818.6062,High
2581,0,0,No polluting facilities
2582,1,77325.6825,Medium
2583,0,0,No polluting facilities
2584,0,0,No polluting facilities
2585,1,273578.33,Medium
2586,0,0,No polluting facilities
2587,0,0,No polluting facilities
2588,0,0,No polluting facilities
2590,0,0,No polluting facilities
2594,1,37407.93688,Medium
2600,0,0,No polluting facilities
2601,2,7157.875248,Low
2602,0,0,No polluting facilities
2603,1,12254.17885,Medium
2604,0,0,No polluting facilities
2605,1,3536.541679,Low
2606,0,0,No polluting facilities
2607,0,0,No polluting facilities
2609,3,127817.8957,Medium
2611,1,10610.3914,Medium
2612,0,0,No polluting facilities
2614,0,0,No polluting facilities
2615,2,64253.87,Medium
2617,2,4914.667116,Low
2618,0,0,No polluting facilities
2619,0,0,No polluting facilities
2620,5,121487.1021,Medium
2621,1,204422.5823,Medium
2622,0,0,No polluting facilities
2623,0,0,No polluting facilities
2625,0,0,No polluting facilities
2626,0,0,No polluting facilities
2627,0,0,No polluting facilities
2628,0,0,No polluting facilities
2629,0,0,No polluting facilities
2630,0,0,No polluting facilities
2631,0,0,No polluting facilities
2632,1,21172.275,Medium
2633,0,0,No polluting facilities
2640,2,232180.6409,Medium
2641,0,0,No polluting facilities
2642,1,44782.108,Medium
2643,0,0,No polluting facilities
2644,0,0,No polluting facilities
2645,0,0,No polluting facilities
2646,2,76622.4424,Medium
2647,1,89119.2981,Medium
2648,2,2578667.84,High
2649,0,0,No polluting facilities
2650,6,200975.713,Medium
2651,0,0,No polluting facilities
2652,2,575778.8254,High
2653,1,472739.7926,Medium
2655,0,0,No polluting facilities
2656,0,0,No polluting facilities
2658,0,0,No polluting facilities
2659,0,0,No polluting facilities
2660,2,217999.8622,Medium
2661,0,0,No polluting facilities
2663,0,0,No polluting facilities
2665,0,0,No polluting facilities
2666,1,201169.1198,Medium
2668,0,0,No polluting facilities
2669,1,30747.6,Medium
2671,1,2268991.455,High
2672,0,0,No polluting facilities
2675,0,0,No polluting facilities
2678,0,0,No polluting facilities
2680,5,45038.06785,Medium
2681,1,14631.1015,Medium
2700,0,0,No polluting facilities
2701,0,0,No polluting facilities
2702,0,0,No polluting facilities
2703,1,224700.6047,Medium
2705,2,9315.609223,Low
2706,0,0,No polluting facilities
2707,0,0,No polluting facilities
2710,0,0,No polluting facilities
2711,0,0,No polluting facilities
2712,0,0,No polluting facilities
2713,0,0,No polluting facilities
2714,0,0,No polluting facilities
2715,0,0,No polluting facilities
2716,0,0,No polluting facilities
2717,0,0,No polluting facilities
2720,3,683602.1256,High
2721,0,0,No polluting facilities
2722,0,0,No polluting facilities
2725,0,0,No polluting facilities
2726,0,0,No polluting facilities
2727,0,0,No polluting facilities
2729,0,0,No polluting facilities
2730,0,0,No polluting facilities
2731,0,0,No polluting facilities
2732,0,0,No polluting facilities
2733,0,0,No polluting facilities
2734,0,0,No polluting facilities
2735,0,0,No polluting facilities
2736,0,0,No polluting facilities
2737,0,0,No polluting facilities
2738,0,0,No polluting facilities
2739,1,4217.2,Low
2745,0,0,No polluting facilities
2747,0,0,No polluting facilities
2748,0,0,No polluting facilities
2749,1,995292.21,High
2750,3,27499.73955,Medium
2752,0,0,No polluting facilities
2753,0,0,No polluting facilities
2754,0,0,No polluting facilities
2755,0,0,No polluting facilities
2756,1,12312.62943,Medium
2757,0,0,No polluting facilities
2758,0,0,No polluting facilities
2759,4,52121.35397,Medium
2760,1,681.229156,Low
2761,1,3362.13,Low
2762,1,1087,Low
2763,0,0,No polluting facilities
2765,2,33238.49731,Medium
2766,7,183192.5857,Medium
2767,1,72541.444,Medium
2768,0,0,No polluting facilities
2769,0,0,No polluting facilities
2770,0,0,No polluting facilities
2773,0,0,No polluting facilities
2774,0,0,No polluting facilities
2775,0,0,No polluting facilities
2776,0,0,No polluting facilities
2777,0,0,No polluting facilities
2778,0,0,No polluting facilities
2779,0,0,No polluting facilities
2780,0,0,No polluting facilities
2782,0,0,No polluting facilities
2783,0,0,No polluting facilities
2784,0,0,No polluting facilities
2785,0,0,No polluting facilities
2786,0,0,No polluting facilities
2787,4,508952.4921,High
2790,4,274096.3796,Medium
2791,0,0,No polluting facilities
2792,0,0,No polluting facilities
2793,0,0,No polluting facilities
2794,0,0,No polluting facilities
2795,5,22919.13216,Medium
2797,0,0,No polluting facilities
2798,0,0,No polluting facilities
2799,1,7952.205534,Low
2800,4,4410521.827,High
2803,0,0,No polluting facilities
2804,0,0,No polluting facilities
2805,0,0,No polluting facilities
2806,0,0,No polluting facilities
2807,0,0,No polluting facilities
2808,0,0,No polluting facilities
2809,0,0,No polluting facilities
2810,0,0,No polluting facilities
2817,0,0,No polluting facilities
2818,0,0,No polluting facilities
2820,0,0,No polluting facilities
2821,0,0,No polluting facilities
2822,0,0,No polluting facilities
2823,0,0,No polluting facilities
2824,0,0,No polluting facilities
2825,0,0,No polluting facilities
2826,0,0,No polluting facilities
2827,0,0,No polluting facilities
2828,0,0,No polluting facilities
2829,0,0,No polluting facilities
2830,3,133365.9876,Medium
2831,4,1165647.005,High
2832,1,342630.1735,Medium
2833,0,0,No polluting facilities
2834,0,0,No polluting facilities
2835,4,1087109.293,High
2836,0,0,No polluting facilities
2838,0,0,No polluting facilities
2839,0,0,No polluting facilities
2840,0,0,No polluting facilities
2842,0,0,No polluting facilities
2843,0,0,No polluting facilities
2844,0,0,No polluting facilities
2845,1,0.001166531,Low
2846,1,5.58178e-4,Low
2847,1,54233444,High
2848,0,0,No polluting facilities
2849,0,0,No polluting facilities
2850,3,10234044.45,High
2852,1,43562.39373,Medium
2864,0,0,No polluting facilities
2865,0,0,No polluting facilities
2866,1,15687.8,Medium
2867,0,0,No polluting facilities
2868,0,0,No polluting facilities
2869,1,1066347.461,High
2870,1,1009377.452,High
2871,1,36.77950959,Low
2873,0,0,No polluting facilities
2874,0,0,No polluting facilities
2875,0,0,No polluting facilities
2876,0,0,No polluting facilities
2877,0,0,No polluting facilities
2878,0,0,No polluting facilities
2879,0,0,No polluting facilities
2880,3,1002427.988,High
2898,0,0,No polluting facilities
2899,0,0,No polluting facilities
2900,0,0,No polluting facilities
2902,0,0,No polluting facilities
2903,0,0,No polluting facilities
2904,0,0,No polluting facilities
2905,0,0,No polluting facilities
2906,0,0,No polluting facilities
2911,1,3014.64939,Low
2912,0,0,No polluting facilities
2913,0,0,No polluting facilities
2914,0,0,No polluting facilities
3000,0,0,No polluting facilities
3002,2,1819.03,Low
3003,3,202360.6528,Medium
3004,1,15658.6541,Medium
3005,0,0,No polluting facilities
3006,0,0,No polluting facilities
3008,0,0,No polluting facilities
3010,0,0,No polluting facilities
3011,2,4453.360682,Low
3012,10,185677.4581,Medium
3013,3,105078.1521,Medium
3015,2,935000.1364,High
3016,0,0,No polluting facilities
3018,5,4373467.849,High
3019,1,11270.38477,Medium
3020,3,22485.6092,Medium
3021,1,2753.981258,Low
3022,0,0,No polluting facilities
3023,2,3731.40072,Low
3024,2,122692.53,Medium
3025,2,31192.11156,Medium
3026,15,387522.3032,Medium
3027,0,0,No polluting facilities
3028,1,4580.602781,Low
3029,4,935189.3292,High
3030,4,361768.1466,Medium
3031,1,867.1309981,Low
3032,1,2293.366288,Low
3033,0,0,No polluting facilities
3034,0,0,No polluting facilities
3036,0,0,No polluting facilities
3037,0,0,No polluting facilities
3038,0,0,No polluting facilities
3039,0,0,No polluting facilities
3040,0,0,No polluting facilities
3041,0,0,No polluting facilities
3042,0,0,No polluting facilities
3043,1,9368.565648,Low
3044,0,0,No polluting facilities
3045,2,532782.6382,High
3046,0,0,No polluting facilities
3047,1,10456.63653,Medium
3048,0,0,No polluting facilities
3049,0,0,No polluting facilities
3050,0,0,No polluting facilities
3051,1,3628.0835,Low
3052,4,45302.05229,Medium
3053,1,15780.63988,Medium
3054,0,0,No polluting facilities
3055,0,0,No polluting facilities
3056,0,0,No polluting facilities
3057,0,0,No polluting facilities
3058,2,10964.88955,Medium
3059,0,0,No polluting facilities
3060,2,3761.097525,Low
3061,11,292281.0286,Medium
3062,4,41505.08718,Medium
3063,1,358778.0021,Medium
3064,3,37371.0673,Medium
3065,1,15626.848,Medium
3066,0,0,No polluting facilities
3067,2,51379.52279,Medium
3068,0,0,No polluting facilities
3070,1,725.4373044,Low
3071,0,0,No polluting facilities
3072,3,14589.44114,Medium
3073,1,35160.30934,Medium
3074,4,282036.0964,Medium
3075,0,0,No polluting facilities
3076,3,256745.096,Medium
3078,0,0,No polluting facilities
3079,0,0,No polluting facilities
3081,1,3137.130067,Low
3082,0,0,No polluting facilities
3083,1,34363.92979,Medium
3084,1,6077.76723,Low
3085,0,0,No polluting facilities
3086,0,0,No polluting facilities
3087,0,0,No polluting facilities
3088,0,0,No polluting facilities
3089,0,0,No polluting facilities
3090,0,0,No polluting facilities
3091,0,0,No polluting facilities
3093,0,0,No polluting facilities
3094,0,0,No polluting facilities
3095,0,0,No polluting facilities
3096,0,0,No polluting facilities
3097,0,0,No polluting facilities
3099,0,0,No polluting facilities
3101,0,0,No polluting facilities
3102,0,0,No polluting facilities
3103,0,0,No polluting facilities
3104,0,0,No polluting facilities
3105,0,0,No polluting facilities
3106,0,0,No polluting facilities
3107,0,0,No polluting facilities
3108,0,0,No polluting facilities
3109,0,0,No polluting facilities
3111,0,0,No polluting facilities
3113,0,0,No polluting facilities
3114,0,0,No polluting facilities
3115,0,0,No polluting facilities
3116,0,0,No polluting facilities
3121,2,14378.1,Medium
3122,0,0,No polluting facilities
3123,0,0,No polluting facilities
3124,0,0,No polluting facilities
3125,0,0,No polluting facilities
3126,0,0,No polluting facilities
3127,0,0,No polluting facilities
3128,3,62058.54696,Medium
3129,0,0,No polluting facilities
3130,0,0,No polluting facilities
3131,0,0,No polluting facilities
3132,1,3140.09,Low
3133,1,16127.49537,Medium
3134,1,5056,Low
3135,1,1278.521117,Low
3136,1,1347.67689,Low
3137,0,0,No polluting facilities
3138,0,0,No polluting facilities
3139,0,0,No polluting facilities
3140,2,107730.5659,Medium
3141,0,0,No polluting facilities
3142,0,0,No polluting facilities
3143,0,0,No polluting facilities
3144,1,4981.403247,Low
3145,1,2071.408392,Low
3146,0,0,No polluting facilities
3147,0,0,No polluting facilities
3148,0,0,No polluting facilities
3149,0,0,No polluting facilities
3150,0,0,No polluting facilities
3151,0,0,No polluting facilities
3152,2,322734.408,Medium
3153,5,15923.06924,Medium
3154,0,0,No polluting facilities
3155,1,3611.4216,Low
3156,3,1011778.091,High
3158,0,0,No polluting facilities
3159,0,0,No polluting facilities
3160,0,0,No polluting facilities
3161,0,0,No polluting facilities
3162,1,1971.074899,Low
3163,0,0,No polluting facilities
3165,1,903.3789422,Low
3166,2,4013.0479,Low
3167,0,0,No polluting facilities
3168,7,50539.11134,Medium
3169,5,349162.3314,Medium
3170,4,9155.119342,Low
3171,3,39040.0387,Medium
3172,0,0,No polluting facilities
3173,1,4139.38,Low
3174,1,4761.1,Low
3175,23,1852143.381,High
3177,0,0,No polluting facilities
3178,1,5519.893725,Low
3179,2,19087.6,Medium
3180,0,0,No polluting facilities
3181,1,1329.693275,Low
3182,0,0,No polluting facilities
3183,0,0,No polluting facilities
3184,0,0,No polluting facilities
3185,0,0,No polluting facilities
3186,0,0,No polluting facilities
3187,0,0,No polluting facilities
3188,0,0,No polluting facilities
3189,3,7033.367609,Low
3190,0,0,No polluting facilities
3191,0,0,No polluting facilities
3192,2,16392.50654,Medium
3193,0,0,No polluting facilities
3194,0,0,No polluting facilities
3195,3,6884.047324,Low
3196,1,2060.735644,Low
3197,0,0,No polluting facilities
3198,0,0,No polluting facilities
3199,1,3517.149362,Low
3200,0,0,No polluting facilities
3201,1,2391.26,Low
3202,0,0,No polluting facilities
3204,0,0,No polluting facilities
3205,0,0,No polluting facilities
3206,0,0,No polluting facilities
3207,6,283870.806,Medium
3211,0,0,No polluting facilities
3212,4,100278.2528,Medium
3213,0,0,No polluting facilities
3214,8,2548745.249,High
3215,5,592809.0955,High
3216,1,53766.28,Medium
3217,0,0,No polluting facilities
3218,0,0,No polluting facilities
3219,2,10498.60527,Medium
3220,4,25510.24639,Medium
3221,2,6620.95412,Low
3222,1,2515.118012,Low
3223,0,0,No polluting facilities
3224,0,0,No polluting facilities
3225,0,0,No polluting facilities
3226,0,0,No polluting facilities
3227,1,15102.94765,Medium
3228,0,0,No polluting facilities
3230,1,0.01,Low
3231,0,0,No polluting facilities
3232,0,0,No polluting facilities
3233,0,0,No polluting facilities
3234,0,0,No polluting facilities
3235,0,0,No polluting facilities
3236,0,0,No polluting facilities
3237,0,0,No polluting facilities
3238,0,0,No polluting facilities
3239,0,0,No polluting facilities
3240,1,70001.189,Medium
3241,0,0,No polluting facilities
3242,0,0,No polluting facilities
3243,0,0,No polluting facilities
3249,1,54181.183,Medium
3250,3,17996.10658,Medium
3251,0,0,No polluting facilities
3254,0,0,No polluting facilities
3260,0,0,No polluting facilities
3264,1,18439.04,Medium
3265,0,0,No polluting facilities
3266,2,37728.55076,Medium
3267,0,0,No polluting facilities
3268,0,0,No polluting facilities
3269,4,1107601.712,High
3270,0,0,No polluting facilities
3271,0,0,No polluting facilities
3272,2,573765.4652,High
3273,0,0,No polluting facilities
3274,0,0,No polluting facilities
3275,0,0,No polluting facilities
3276,0,0,No polluting facilities
3277,2,63265.25776,Medium
3278,0,0,No polluting facilities
3279,0,0,No polluting facilities
3280,4,2032226.679,High
3281,0,0,No polluting facilities
3282,2,96383.606,Medium
3283,0,0,No polluting facilities
3284,1,1500.58,Low
3285,0,0,No polluting facilities
3286,0,0,No polluting facilities
3287,0,0,No polluting facilities
3289,0,0,No polluting facilities
3292,0,0,No polluting facilities
3293,0,0,No polluting facilities
3294,0,0,No polluting facilities
3300,3,93485.41954,Medium
3301,0,0,No polluting facilities
3302,1,16518.30577,Medium
3303,1,24467.56,Medium
3304,0,0,No polluting facilities
3305,5,5055920.786,High
3309,0,0,No polluting facilities
3310,0,0,No polluting facilities
3311,0,0,No polluting facilities
3312,0,0,No polluting facilities
3314,0,0,No polluting facilities
3315,0,0,No polluting facilities
3317,0,0,No polluting facilities
3318,0,0,No polluting facilities
3319,0,0,No polluting facilities
3321,0,0,No polluting facilities
3322,0,0,No polluting facilities
3323,0,0,No polluting facilities
3324,0,0,No polluting facilities
3325,0,0,No polluting facilities
3328,0,0,No polluting facilities
3329,0,0,No polluting facilities
3330,0,0,No polluting facilities
3331,0,0,No polluting facilities
3332,0,0,No polluting facilities
3333,0,0,No polluting facilities
3334,0,0,No polluting facilities
3335,0,0,No polluting facilities
3337,2,24904.13,Medium
3338,0,0,No polluting facilities
3340,2,1168255.302,High
3341,0,0,No polluting facilities
3342,0,0,No polluting facilities
3345,0,0,No polluting facilities
3350,6,231825.0656,Medium
3351,1,8494.44792,Low
3352,1,75657.908,Medium
3355,4,78601.97444,Medium
3356,1,2505.814353,Low
3357,0,0,No polluting facilities
3360,1,8369,Low
3361,0,0,No polluting facilities
3363,0,0,No polluting facilities
3364,0,0,No polluting facilities
3370,0,0,No polluting facilities
3371,0,0,No polluting facilities
3373,0,0,No polluting facilities
3374,0,0,No polluting facilities
3375,0,0,No polluting facilities
3377,1,229.8953764,Low
3378,0,0,No polluting facilities
3379,0,0,No polluting facilities
3380,2,179551.126,Medium
3381,0,0,No polluting facilities
3384,0,0,No polluting facilities
3385,0,0,No polluting facilities
3387,0,0,No polluting facilities
3388,0,0,No polluting facilities
3390,0,0,No polluting facilities
3391,0,0,No polluting facilities
3392,0,0,No polluting facilities
3393,0,0,No polluting facilities
3395,0,0,No polluting facilities
3396,0,0,No polluting facilities
3400,1,2391.231626,Low
3401,1,802507.32,High
3407,0,0,No polluting facilities
3409,0,0,No polluting facilities
3412,0,0,No polluting facilities
3413,0,0,No polluting facilities
3414,0,0,No polluting facilities
3415,0,0,No polluting facilities
3418,1,3684.403636,Low
3419,0,0,No polluting facilities
3420,0,0,No polluting facilities
3423,0,0,No polluting facilities
3424,0,0,No polluting facilities
3427,0,0,No polluting facilities
3428,0,0,No polluting facilities
3429,1,0.008826678,Low
3430,0,0,No polluting facilities
3431,0,0,No polluting facilities
3432,0,0,No polluting facilities
3433,0,0,No polluting facilities
3434,0,0,No polluting facilities
3435,0,0,No polluting facilities
3437,0,0,No polluting facilities
3438,0,0,No polluting facilities
3440,0,0,No polluting facilities
3441,0,0,No polluting facilities
3442,0,0,No polluting facilities
3444,1,49503.494,Medium
3446,0,0,No polluting facilities
3447,0,0,No polluting facilities
3448,0,0,No polluting facilities
3450,2,33679.95723,Medium
3451,0,0,No polluting facilities
3453,0,0,No polluting facilities
3458,0,0,No polluting facilities
3460,0,0,No polluting facilities
3461,0,0,No polluting facilities
3462,0,0,No polluting facilities
3463,0,0,No polluting facilities
3464,2,35669.87028,Medium
3465,0,0,No polluting facilities
3467,0,0,No polluting facilities
3468,0,0,No polluting facilities
3469,0,0,No polluting facilities
3472,0,0,No polluting facilities
3475,0,0,No polluting facilities
3477,0,0,No polluting facilities
3478,2,26101.81655,Medium
3480,0,0,No polluting facilities
3482,0,0,No polluting facilities
3483,0,0,No polluting facilities
3485,0,0,No polluting facilities
3487,0,0,No polluting facilities
3488,0,0,No polluting facilities
3489,0,0,No polluting facilities
3490,1,3790119.3,High
3491,0,0,No polluting facilities
3494,1,19270.48002,Medium
3496,1,8327.546594,Low
3498,0,0,No polluting facilities
3500,1,5.97974e-4,Low
3501,0,0,No polluting facilities
3505,0,0,No polluting facilities
3506,0,0,No polluting facilities
3507,0,0,No polluting facilities
3509,0,0,No polluting facilities
3512,0,0,No polluting facilities
3515,0,0,No polluting facilities
3516,0,0,No polluting facilities
3517,0,0,No polluting facilities
3518,0,0,No polluting facilities
3520,0,0,No polluting facilities
3521,0,0,No polluting facilities
3522,0,0,No polluting facilities
3523,1,75804.91,Medium
3525,2,243875.8446,Medium
3527,0,0,No polluting facilities
3529,0,0,No polluting facilities
3530,0,0,No polluting facilities
3531,0,0,No polluting facilities
3533,0,0,No polluting facilities
3537,0,0,No polluting facilities
3540,0,0,No polluting facilities
3542,0,0,No polluting facilities
3544,0,0,No polluting facilities
3546,0,0,No polluting facilities
3549,0,0,No polluting facilities
3550,5,37847.66715,Medium
3551,3,60221.63468,Medium
3555,0,0,No polluting facilities
3556,2,10699.2106,Medium
3557,1,664058.259,High
3558,0,0,No polluting facilities
3559,0,0,No polluting facilities
3561,1,208036.122,Medium
3562,0,0,No polluting facilities
3563,0,0,No polluting facilities
3564,5,42645.09225,Medium
3565,0,0,No polluting facilities
3566,1,7503.6,Low
3567,0,0,No polluting facilities
3568,0,0,No polluting facilities
3570,0,0,No polluting facilities
3571,0,0,No polluting facilities
3572,1,4437.57475,Low
3573,0,0,No polluting facilities
3575,0,0,No polluting facilities
3576,0,0,No polluting facilities
3579,1,2.65332e-4,Low
3580,0,0,No polluting facilities
3581,0,0,No polluting facilities
3583,0,0,No polluting facilities
3584,0,0,No polluting facilities
3585,1,14621.2,Medium
3586,0,0,No polluting facilities
3588,0,0,No polluting facilities
3589,0,0,No polluting facilities
3590,0,0,No polluting facilities
3591,0,0,No polluting facilities
3594,0,0,No polluting facilities
3595,0,0,No polluting facilities
3596,0,0,No polluting facilities
3597,0,0,No polluting facilities
3599,0,0,No polluting facilities
3607,0,0,No polluting facilities
3608,0,0,No polluting facilities
3610,0,0,No polluting facilities
3612,0,0,No polluting facilities
3614,0,0,No polluting facilities
3616,3,50987.63859,Medium
3617,0,0,No polluting facilities
3618,0,0,No polluting facilities
3620,1,1838.865326,Low
3621,2,7558.486863,Low
3622,0,0,No polluting facilities
3623,1,20358.4273,Medium
3624,0,0,No polluting facilities
3629,1,15994.716,Medium
3630,4,22906.56233,Medium
3631,5,130572.633,Medium
3633,0,0,No polluting facilities
3634,0,0,No polluting facilities
3635,0,0,No polluting facilities
3636,1,14380.92006,Medium
3637,0,0,No polluting facilities
3638,0,0,No polluting facilities
3639,0,0,No polluting facilities
3640,0,0,No polluting facilities
3641,1,4630.400994,Low
3644,3,89381.27224,Medium
3646,0,0,No polluting facilities
3647,0,0,No polluting facilities
3649,0,0,No polluting facilities
3658,1,4610.656738,Low
3659,0,0,No polluting facilities
3660,2,14328.79106,Medium
3662,0,0,No polluting facilities
3663,0,0,No polluting facilities
3664,0,0,No polluting facilities
3665,0,0,No polluting facilities
3666,1,18074.68292,Medium
3669,0,0,No polluting facilities
3670,0,0,No polluting facilities
3672,1,1421.7,Low
3673,1,59783.52,Medium
3675,0,0,No polluting facilities
3677,4,198599.8262,Medium
3678,2,159180.1784,Medium
3682,1,15704.33417,Medium
3683,0,0,No polluting facilities
3685,0,0,No polluting facilities
3687,1,3780.378194,Low
3688,1,15100,Medium
3690,7,57061.95309,Medium
3691,3,25995.05121,Medium
3694,0,0,No polluting facilities
3695,0,0,No polluting facilities
3697,0,0,No polluting facilities
3698,0,0,No polluting facilities
3699,0,0,No polluting facilities
3700,0,0,No polluting facilities
3701,0,0,No polluting facilities
3704,0,0,No polluting facilities
3705,0,0,No polluting facilities
3707,0,0,No polluting facilities
3708,0,0,No polluting facilities
3709,0,0,No polluting facilities
3711,0,0,No polluting facilities
3712,0,0,No polluting facilities
3713,0,0,No polluting facilities
3714,0,0,No polluting facilities
3715,0,0,No polluting facilities
3717,0,0,No polluting facilities
3718,0,0,No polluting facilities
3719,0,0,No polluting facilities
3720,0,0,No polluting facilities
3722,0,0,No polluting facilities
3723,0,0,No polluting facilities
3725,0,0,No polluting facilities
3726,0,0,No polluting facilities
3727,0,0,No polluting facilities
3728,0,0,No polluting facilities
3730,0,0,No polluting facilities
3732,0,0,No polluting facilities
3733,0,0,No polluting facilities
3735,0,0,No polluting facilities
3737,1,131893.6938,Medium
3738,0,0,No polluting facilities
3739,0,0,No polluting facilities
3740,0,0,No polluting facilities
3741,0,0,No polluting facilities
3744,0,0,No polluting facilities
3746,0,0,No polluting facilities
3747,0,0,No polluting facilities
3749,0,0,No polluting facilities
3750,5,895138.4136,High
3751,0,0,No polluting facilities
3752,0,0,No polluting facilities
3753,0,0,No polluting facilities
3754,0,0,No polluting facilities
3755,0,0,No polluting facilities
3756,0,0,No polluting facilities
3757,0,0,No polluting facilities
3758,0,0,No polluting facilities
3759,0,0,No polluting facilities
3760,0,0,No polluting facilities
3761,0,0,No polluting facilities
3762,0,0,No polluting facilities
3763,0,0,No polluting facilities
3764,1,107524.11,Medium
3765,2,218393.5025,Medium
3766,0,0,No polluting facilities
3767,0,0,No polluting facilities
3770,0,0,No polluting facilities
3775,0,0,No polluting facilities
3777,0,0,No polluting facilities
3778,0,0,No polluting facilities
3779,0,0,No polluting facilities
3781,0,0,No polluting facilities
3782,0,0,No polluting facilities
3783,0,0,No polluting facilities
3785,0,0,No polluting facilities
3786,0,0,No polluting facilities
3787,0,0,No polluting facilities
3788,0,0,No polluting facilities
3789,0,0,No polluting facilities
3791,0,0,No polluting facilities
3792,0,0,No polluting facilities
3793,0,0,No polluting facilities
3795,0,0,No polluting facilities
3796,0,0,No polluting facilities
3797,1,5276.93,Low
3799,0,0,No polluting facilities
3800,0,0,No polluting facilities
3802,0,0,No polluting facilities
3803,0,0,No polluting facilities
3804,0,0,No polluting facilities
3805,1,40696.6283,Medium
3806,1,675.4146625,Low
3807,0,0,No polluting facilities
3808,0,0,No polluting facilities
3809,0,0,No polluting facilities
3810,4,166198.697,Medium
3812,0,0,No polluting facilities
3813,1,159713.238,Medium
3814,0,0,No polluting facilities
3815,0,0,No polluting facilities
3816,0,0,No polluting facilities
3818,0,0,No polluting facilities
3820,1,6789.923971,Low
3821,0,0,No polluting facilities
3822,1,40408.89426,Medium
3823,0,0,No polluting facilities
3824,1,801.4318663,Low
3825,4,39348009.34,High
3831,0,0,No polluting facilities
3832,0,0,No polluting facilities
3833,0,0,No polluting facilities
3835,0,0,No polluting facilities
3840,8,48842361.31,High
3842,0,0,No polluting facilities
3844,8,116372365.8,High
3847,0,0,No polluting facilities
3850,1,899.0466122,Low
3851,4,4761836.789,High
3852,0,0,No polluting facilities
3854,0,0,No polluting facilities
3856,0,0,No polluting facilities
3857,0,0,No polluting facilities
3858,0,0,No polluting facilities
3859,0,0,No polluting facilities
3860,2,240349.843,Medium
3862,0,0,No polluting facilities
3864,0,0,No polluting facilities
3865,0,0,No polluting facilities
3869,1,3.99041e-5,Low
3870,0,0,No polluting facilities
3871,0,0,No polluting facilities
3873,0,0,No polluting facilities
3874,0,0,No polluting facilities
3875,2,88726.42126,Medium
3878,0,0,No polluting facilities
3880,0,0,No polluting facilities
3882,0,0,No polluting facilities
3885,1,161130.1947,Medium
3886,1,17592.761,Medium
3887,0,0,No polluting facilities
3888,0,0,No polluting facilities
3889,0,0,No polluting facilities
3890,0,0,No polluting facilities
3891,0,0,No polluting facilities
3892,0,0,No polluting facilities
3893,0,0,No polluting facilities
3895,0,0,No polluting facilities
3896,0,0,No polluting facilities
3898,0,0,No polluting facilities
3900,0,0,No polluting facilities
3902,0,0,No polluting facilities
3903,0,0,No polluting facilities
3904,0,0,No polluting facilities
3909,1,0.001066191,Low
3910,0,0,No polluting facilities
3911,0,0,No polluting facilities
3912,1,5407.155,Low
3913,0,0,No polluting facilities
3915,3,799014.3455,High
3916,0,0,No polluting facilities
3918,0,0,No polluting facilities
3919,0,0,No polluting facilities
3920,0,0,No polluting facilities
3921,0,0,No polluting facilities
3922,0,0,No polluting facilities
3923,0,0,No polluting facilities
3925,0,0,No polluting facilities
3926,0,0,No polluting facilities
3927,0,0,No polluting facilities
3928,0,0,No polluting facilities
3929,0,0,No polluting facilities
3930,0,0,No polluting facilities
3931,0,0,No polluting facilities
3933,0,0,No polluting facilities
3934,1,267.712,Low
3936,0,0,No polluting facilities
3937,0,0,No polluting facilities
3938,0,0,No polluting facilities
3939,0,0,No polluting facilities
3940,0,0,No polluting facilities
3941,1,8517.86404,Low
3942,0,0,No polluting facilities
3943,0,0,No polluting facilities
3944,0,0,No polluting facilities
3945,0,0,No polluting facilities
3946,0,0,No polluting facilities
3950,1,34731.344,Medium
3951,0,0,No polluting facilities
3953,3,94851.7534,Medium
3954,0,0,No polluting facilities
3956,0,0,No polluting facilities
3957,0,0,No polluting facilities
3958,0,0,No polluting facilities
3959,0,0,No polluting facilities
3960,0,0,No polluting facilities
3962,0,0,No polluting facilities
3964,0,0,No polluting facilities
3965,0,0,No polluting facilities
3966,0,0,No polluting facilities
3967,0,0,No polluting facilities
3971,1,19867.80766,Medium
3975,1,1901.11,Low
3976,2,134877.7733,Medium
3977,0,0,No polluting facilities
3978,1,27729.88,Medium
3979,0,0,No polluting facilities
3980,0,0,No polluting facilities
3981,0,0,No polluting facilities
3984,3,593343.3486,High
3987,0,0,No polluting facilities
3988,0,0,No polluting facilities
3990,0,0,No polluting facilities
3991,0,0,No polluting facilities
3992,0,0,No polluting facilities
3995,1,87960.40175,Medium
3996,0,0,No polluting facilities
4000,0,0,No polluting facilities
4005,0,0,No polluting facilities
4006,0,0,No polluting facilities
4007,3,26675.70981,Medium
4008,12,314251.4363,Medium
4009,2,16314.4912,Medium
4010,0,0,No polluting facilities
4011,0,0,No polluting facilities
4012,0,0,No polluting facilities
4013,1,208318.7697,Medium
4014,3,10432.4687,Medium
4017,0,0,No polluting facilities
4018,1,3235.45,Low
4019,0,0,No polluting facilities
4020,0,0,No polluting facilities
4021,0,0,No polluting facilities
4022,0,0,No polluting facilities
4025,0,0,No polluting facilities
4029,0,0,No polluting facilities
4030,0,0,No polluting facilities
4031,1,1893.10827,Low
4032,0,0,No polluting facilities
4034,2,3137.7,Low
4035,0,0,No polluting facilities
4036,0,0,No polluting facilities
4037,0,0,No polluting facilities
4051,0,0,No polluting facilities
4053,0,0,No polluting facilities
4054,0,0,No polluting facilities
4055,2,50224.38531,Medium
4059,0,0,No polluting facilities
4060,0,0,No polluting facilities
4061,0,0,No polluting facilities
4064,1,4234.441014,Low
4065,0,0,No polluting facilities
4066,1,14183,Medium
4067,0,0,No polluting facilities
4068,0,0,No polluting facilities
4069,0,0,No polluting facilities
4070,0,0,No polluting facilities
4072,0,0,No polluting facilities
4073,0,0,No polluting facilities
4074,0,0,No polluting facilities
4075,0,0,No polluting facilities
4076,7,178116.9625,Medium
4077,3,315958.2918,Medium
4078,0,0,No polluting facilities
4101,3,763896.2918,High
4102,0,0,No polluting facilities
4103,1,0,No polluting facilities
4104,0,0,No polluting facilities
4105,2,1843.258056,Low
4106,3,101891.0547,Medium
4107,2,3266.980005,Low
4108,3,59451.02627,Medium
4109,0,0,No polluting facilities
4110,3,55527.3574,Medium
4111,0,0,No polluting facilities
4112,0,0,No polluting facilities
4113,1,18618.4193,Medium
4114,0,0,No polluting facilities
4115,0,0,No polluting facilities
4116,0,0,No polluting facilities
4117,0,0,No polluting facilities
4118,2,86811.05223,Medium
4119,0,0,No polluting facilities
4120,1,3965.4308,Low
4121,0,0,No polluting facilities
4122,0,0,No polluting facilities
4123,3,514200.1303,High
4124,0,0,No polluting facilities
4125,0,0,No polluting facilities
4127,1,5984.6545,Low
4128,0,0,No polluting facilities
4129,0,0,No polluting facilities
4130,0,0,No polluting facilities
4131,0,0,No polluting facilities
4132,1,1382.869411,Low
4133,0,0,No polluting facilities
4151,0,0,No polluting facilities
4152,1,2223.3,Low
4153,0,0,No polluting facilities
4154,0,0,No polluting facilities
4155,0,0,No polluting facilities
4156,0,0,No polluting facilities
4157,0,0,No polluting facilities
4158,0,0,No polluting facilities
4159,2,11381.13954,Medium
4160,0,0,No polluting facilities
4161,0,0,No polluting facilities
4163,3,452325.734,Medium
4164,0,0,No polluting facilities
4165,2,111808.56,Medium
4169,0,0,No polluting facilities
4170,1,75832.36522,Medium
4171,0,0,No polluting facilities
4172,4,968535.1801,High
4173,2,23431.42782,Medium
4174,3,283030.1674,Medium
4178,7,7841496.214,High
4179,0,0,No polluting facilities
4183,1,1.42903e-4,Low
4184,0,0,No polluting facilities
4205,0,0,No polluting facilities
4207,11,569329.7399,High
4208,3,338571.4618,Medium
4209,0,0,No polluting facilities
4210,1,266786.483,Medium
4211,2,137358.5457,Medium
4212,0,0,No polluting facilities
4213,0,0,No polluting facilities
4214,2,992.7488246,Low
4215,1,27054.4,Medium
4216,1,0,No polluting facilities
4217,0,0,No polluting facilities
4218,0,0,No polluting facilities
4220,3,404633.0091,Medium
4221,0,0,No polluting facilities
4222,0,0,No polluting facilities
4223,0,0,No polluting facilities
4224,1,1.40173e-4,Low
4225,0,0,No polluting facilities
4226,0,0,No polluting facilities
4227,1,1737.594055,Low
4228,0,0,No polluting facilities
4229,0,0,No polluting facilities
4230,0,0,No polluting facilities
4270,0,0,No polluting facilities
4271,0,0,No polluting facilities
4272,0,0,No polluting facilities
4275,0,0,No polluting facilities
4280,0,0,No polluting facilities
4285,2,75438.5312,Medium
4287,0,0,No polluting facilities
4300,10,216211.1933,Medium
4301,0,0,No polluting facilities
4303,6,292811.2986,Medium
4304,2,9825.966888,Low
4305,3,79509.18958,Medium
4306,8,2146819.836,High
4307,0,0,No polluting facilities
4309,0,0,No polluting facilities
4310,0,0,No polluting facilities
4311,0,0,No polluting facilities
4312,0,0,No polluting facilities
4313,0,0,No polluting facilities
4340,0,0,No polluting facilities
4341,0,0,No polluting facilities
4342,0,0,No polluting facilities
4343,0,0,No polluting facilities
4344,0,0,No polluting facilities
4345,0,0,No polluting facilities
4346,0,0,No polluting facilities
4347,1,14505.40981,Medium
4350,8,294573.5424,Medium
4352,1,3.31082e-5,Low
4353,0,0,No polluting facilities
4354,0,0,No polluting facilities
4355,0,0,No polluting facilities
4356,2,248113.8641,Medium
4357,2,46374281.26,High
4358,0,0,No polluting facilities
4359,0,0,No polluting facilities
4360,0,0,No polluting facilities
4361,1,21041,Medium
4362,1,1.49926e-4,Low
4363,0,0,No polluting facilities
4364,0,0,No polluting facilities
4365,0,0,No polluting facilities
4370,3,90132.05062,Medium
4371,0,0,No polluting facilities
4372,1,5.17939e-5,Low
4373,0,0,No polluting facilities
4374,1,6.32746e-5,Low
4375,0,0,No polluting facilities
4376,0,0,No polluting facilities
4377,0,0,No polluting facilities
4378,0,0,No polluting facilities
4380,1,3.94392e-4,Low
4381,0,0,No polluting facilities
4382,0,0,No polluting facilities
4383,0,0,No polluting facilities
4384,0,0,No polluting facilities
4385,2,169699.9245,Medium
4387,0,0,No polluting facilities
4388,0,0,No polluting facilities
4390,0,0,No polluting facilities
4400,0,0,No polluting facilities
4401,4,4788627.224,High
4402,0,0,No polluting facilities
4403,0,0,No polluting facilities
4404,0,0,No polluting facilities
4405,13,11792495.26,High
4406,3,1387582.711,High
4407,0,0,No polluting facilities
4408,0,0,No polluting facilities
4410,0,0,No polluting facilities
4411,0,0,No polluting facilities
4412,2,22071950.35,High
4413,2,2186802.727,High
4415,3,1797765.751,High
4416,4,3652489.604,High
4417,0,0,No polluting facilities
4418,0,0,No polluting facilities
4419,3,4348149.538,High
4420,0,0,No polluting facilities
4421,1,2419933.05,High
4422,0,0,No polluting facilities
4423,0,0,No polluting facilities
4424,0,0,No polluting facilities
4425,0,0,No polluting facilities
4426,1,3501.783,Low
4427,1,206660.91,Medium
4428,2,392357.2886,Medium
4454,4,3372964.93,High
4455,4,2426158.116,High
4461,0,0,No polluting facilities
4462,0,0,No polluting facilities
4465,0,0,No polluting facilities
4467,0,0,No polluting facilities
4468,0,0,No polluting facilities
4470,0,0,No polluting facilities
4472,0,0,No polluting facilities
4474,0,0,No polluting facilities
4475,0,0,No polluting facilities
4477,0,0,No polluting facilities
4478,0,0,No polluting facilities
4479,1,61684.10864,Medium
4480,11,1643918.409,High
4481,3,37937.55051,Medium
4482,1,32388.37,Medium
4486,0,0,No polluting facilities
4487,0,0,No polluting facilities
4488,0,0,No polluting facilities
4489,0,0,No polluting facilities
4490,0,0,No polluting facilities
4491,0,0,No polluting facilities
4492,3,209323.042,Medium
4493,0,0,No polluting facilities
4494,0,0,No polluting facilities
4496,0,0,No polluting facilities
4497,0,0,No polluting facilities
4498,0,0,No polluting facilities
4500,2,38557.56704,Medium
4501,0,0,No polluting facilities
4502,0,0,No polluting facilities
4503,3,564328.0639,High
4504,5,336099.8718,Medium
4505,0,0,No polluting facilities
4506,0,0,No polluting facilities
4507,0,0,No polluting facilities
4508,0,0,No polluting facilities
4509,0,0,No polluting facilities
4510,3,98373.96134,Medium
4511,1,123577.405,Medium
4512,1,59309,Medium
4514,0,0,No polluting facilities
4515,1,211998.636,Medium
4516,0,0,No polluting facilities
4517,1,98323.19,Medium
4518,1,52099.46,Medium
4519,0,0,No polluting facilities
4520,0,0,No polluting facilities
4521,0,0,No polluting facilities
4550,1,59321.44317,Medium
4551,1,0.013943173,Low
4552,0,0,No polluting facilities
4553,1,0.013,Low
4554,0,0,No polluting facilities
4555,0,0,No polluting facilities
4556,1,3.51705e-4,Low
4557,0,0,No polluting facilities
4558,0,0,No polluting facilities
4559,0,0,No polluting facilities
4560,3,71593.65378,Medium
4561,4,1418.632353,Low
4562,0,0,No polluting facilities
4563,0,0,No polluting facilities
4564,0,0,No polluting facilities
4565,0,0,No polluting facilities
4566,0,0,No polluting facilities
4567,0,0,No polluting facilities
4568,0,0,No polluting facilities
4569,0,0,No polluting facilities
4570,6,360304.028,Medium
4571,0,0,No polluting facilities
4572,0,0,No polluting facilities
4573,0,0,No polluting facilities
4574,1,516367.355,High
4575,1,986185.42,High
4580,0,0,No polluting facilities
4581,0,0,No polluting facilities
4600,0,0,No polluting facilities
4601,0,0,No polluting facilities
4605,2,63181.07,Medium
4606,0,0,No polluting facilities
4608,0,0,No polluting facilities
4610,2,83125.16974,Medium
4611,0,0,No polluting facilities
4612,0,0,No polluting facilities
4613,1,209381.805,Medium
4614,0,0,No polluting facilities
4615,3,61045503.15,High
4620,0,0,No polluting facilities
4621,0,0,No polluting facilities
4625,1,7059.985,Low
4626,1,47836.40708,Medium
4627,1,18674.94987,Medium
4630,0,0,No polluting facilities
4650,6,3127657.481,High
4655,3,117766.54,Medium
4659,0,0,No polluting facilities
4660,2,694321.0059,High
4662,0,0,No polluting facilities
4670,3,900583.5682,High
4671,1,1605927.681,High
4673,0,0,No polluting facilities
4674,0,0,No polluting facilities
4676,0,0,No polluting facilities
4677,0,0,No polluting facilities
4678,0,0,No polluting facilities
4680,13,97159201.55,High
4694,2,139749.52,Medium
4695,1,197330.4433,Medium
4697,0,0,No polluting facilities
4699,0,0,No polluting facilities
4700,4,74502.70065,Medium
4701,3,162753.3456,Medium
4702,6,68970024.03,High
4703,0,0,No polluting facilities
4704,0,0,No polluting facilities
4705,1,184203.27,Medium
4706,0,0,No polluting facilities
4707,0,0,No polluting facilities
4709,2,2034078.467,High
4710,0,0,No polluting facilities
4711,0,0,No polluting facilities
4712,0,0,No polluting facilities
4713,0,0,No polluting facilities
4714,0,0,No polluting facilities
4715,5,51112536,High
4716,0,0,No polluting facilities
4717,4,50420736.78,High
4718,3,16928764.24,High
4719,1,471182.0146,Medium
4720,2,7395865.525,High
4721,1,7239874.714,High
4722,1,819378.16,High
4723,0,0,No polluting facilities
4724,0,0,No polluting facilities
4725,1,2005.8052,Low
4726,0,0,No polluting facilities
4727,0,0,No polluting facilities
4728,0,0,No polluting facilities
4730,0,0,No polluting facilities
4731,0,0,No polluting facilities
4732,0,0,No polluting facilities
4733,0,0,No polluting facilities
4735,1,437359.973,Medium
4736,0,0,No polluting facilities
4737,1,1002138.724,High
4738,0,0,No polluting facilities
4739,0,0,No polluting facilities
4740,9,2407175.035,High
4741,7,3973910.077,High
4742,6,40572141.17,High
4743,3,6482773.054,High
4744,12,75770254.17,High
4745,2,40167353.7,High
4746,4,26198449.17,High
4750,0,0,No polluting facilities
4751,0,0,No polluting facilities
4753,1,731148.7135,High
4754,1,8.8372e-5,Low
4756,1,1.78097e-5,Low
4757,1,1.20367e-5,Low
4798,0,0,No polluting facilities
4799,0,0,No polluting facilities
4800,1,784425.0032,High
4801,0,0,No polluting facilities
4802,0,0,No polluting facilities
4803,0,0,No polluting facilities
4804,3,5148104.78,High
4805,2,676983.9914,High
4806,1,1257171.001,High
4807,1,1081275.001,High
4808,1,846799.0001,High
4809,1,1593515.001,High
4810,5,52056.64569,Medium
4811,6,981668.1237,High
4812,0,0,No polluting facilities
4814,1,57278.31009,Medium
4815,0,0,No polluting facilities
4816,3,1446638.555,High
4817,0,0,No polluting facilities
4818,5,594447.2042,High
4819,0,0,No polluting facilities
4820,1,292810.5142,Medium
4821,0,0,No polluting facilities
4822,0,0,No polluting facilities
4823,0,0,No polluting facilities
4824,6,7226980.084,High
4825,12,216570152.1,High
4828,1,35237.14,Medium
4829,2,92318.34,Medium
4830,2,145304.45,Medium
4849,0,0,No polluting facilities
4850,3,2547631.652,High
4852,0,0,No polluting facilities
4854,1,917674.0315,High
4855,0,0,No polluting facilities
4856,0,0,No polluting facilities
4858,0,0,No polluting facilities
4859,1,791822,High
4860,1,19352.13,Medium
4861,0,0,No polluting facilities
4865,2,557432.0781,High
4868,0,0,No polluting facilities
4869,1,47629.1,Medium
4870,2,68569.10628,Medium
4871,8,727176.6354,High
4872,0,0,No polluting facilities
4873,1,769705.3824,High
4874,2,9846322.95,High
4875,10,701057.01,High
4876,1,190801.28,Medium
4877,0,0,No polluting facilities
4878,0,0,No polluting facilities
4879,0,0,No polluting facilities
4880,3,239824.1355,Medium
4881,1,89563.272,Medium
4882,0,0,No polluting facilities
4883,0,0,No polluting facilities
4884,0,0,No polluting facilities
4885,1,33176,Medium
4886,0,0,No polluting facilities
4887,0,0,No polluting facilities
4888,0,0,No polluting facilities
4890,0,0,No polluting facilities
4891,0,0,No polluting facilities
4892,0,0,No polluting facilities
4895,0,0,No polluting facilities
5000,1,8801.732537,Low
5005,1,3464.544855,Low
5006,1,43949.57,Medium
5007,0,0,No polluting facilities
5008,3,647201.335,High
5009,0,0,No polluting facilities
5010,2,69206.2445,Medium
5011,1,3287.917955,Low
5012,2,10156.98443,Low
5013,9,142519.8458,Medium
5014,0,0,No polluting facilities
5015,4,3252097.575,High
5016,1,1448.037,Low
5017,1,236026.8797,Medium
5018,4,484560.8496,Medium
5019,0,0,No polluting facilities
5020,0,0,No polluting facilities
5021,0,0,No polluting facilities
5022,0,0,No polluting facilities
5023,0,0,No polluting facilities
5024,0,0,No polluting facilities
5025,0,0,No polluting facilities
5031,4,31368.81043,Medium
5032,0,0,No polluting facilities
5033,1,3104.699788,Low
5034,0,0,No polluting facilities
5035,1,2195.9,Low
5037,1,5080,Low
5038,0,0,No polluting facilities
5039,1,616.473,Low
5040,0,0,No polluting facilities
5041,0,0,No polluting facilities
5042,2,3341.321,Low
5043,0,0,No polluting facilities
5044,0,0,No polluting facilities
5045,1,10783.02,Medium
5046,0,0,No polluting facilities
5047,0,0,No polluting facilities
5048,0,0,No polluting facilities
5049,1,416274.432,Medium
5050,0,0,No polluting facilities
5051,0,0,No polluting facilities
5052,0,0,No polluting facilities
5061,0,0,No polluting facilities
5062,0,0,No polluting facilities
5063,0,0,No polluting facilities
5064,0,0,No polluting facilities
5065,0,0,No polluting facilities
5066,1,208580.27,Medium
5067,0,0,No polluting facilities
5068,0,0,No polluting facilities
5069,0,0,No polluting facilities
5070,0,0,No polluting facilities
5072,0,0,No polluting facilities
5073,0,0,No polluting facilities
5074,0,0,No polluting facilities
5075,0,0,No polluting facilities
5076,0,0,No polluting facilities
5081,0,0,No polluting facilities
5082,0,0,No polluting facilities
5083,0,0,No polluting facilities
5084,2,43096.3116,Medium
5085,0,0,No polluting facilities
5086,0,0,No polluting facilities
5087,0,0,No polluting facilities
5088,0,0,No polluting facilities
5089,0,0,No polluting facilities
5090,0,0,No polluting facilities
5091,0,0,No polluting facilities
5092,0,0,No polluting facilities
5093,0,0,No polluting facilities
5094,10,122662.6343,Medium
5095,1,4953.7485,Low
5096,1,219819.369,Medium
5097,0,0,No polluting facilities
5098,0,0,No polluting facilities
5106,3,7389.456189,Low
5107,0,0,No polluting facilities
5108,0,0,No polluting facilities
5109,0,0,No polluting facilities
5110,2,36818.624,Medium
5111,1,3681.1025,Low
5112,2,22810.97332,Medium
5113,2,1930.43676,Low
5114,2,2810947.904,High
5115,0,0,No polluting facilities
5116,0,0,No polluting facilities
5117,0,0,No polluting facilities
5118,1,1719794.718,High
5120,0,0,No polluting facilities
5121,0,0,No polluting facilities
5125,2,758465.511,High
5126,0,0,No polluting facilities
5127,0,0,No polluting facilities
5131,0,0,No polluting facilities
5132,0,0,No polluting facilities
5133,0,0,No polluting facilities
5134,1,86475.709,Medium
5136,0,0,No polluting facilities
5137,0,0,No polluting facilities
5138,0,0,No polluting facilities
5139,0,0,No polluting facilities
5140,0,0,No polluting facilities
5141,1,33294.89,Medium
5142,0,0,No polluting facilities
5144,0,0,No polluting facilities
5150,0,0,No polluting facilities
5151,0,0,No polluting facilities
5152,0,0,No polluting facilities
5153,0,0,No polluting facilities
5154,0,0,No polluting facilities
5155,0,0,No polluting facilities
5156,0,0,No polluting facilities
5157,0,0,No polluting facilities
5158,0,0,No polluting facilities
5159,0,0,No polluting facilities
5160,2,10366.00611,Low
5161,0,0,No polluting facilities
5162,0,0,No polluting facilities
5163,0,0,No polluting facilities
5164,0,0,No polluting facilities
5165,1,6212.536,Low
5166,0,0,No polluting facilities
5167,0,0,No polluting facilities
5168,0,0,No polluting facilities
5169,0,0,No polluting facilities
5170,0,0,No polluting facilities
5171,2,1694.189978,Low
5172,0,0,No polluting facilities
5173,0,0,No polluting facilities
5174,0,0,No polluting facilities
5201,0,0,No polluting facilities
5202,0,0,No polluting facilities
5203,0,0,No polluting facilities
5204,0,0,No polluting facilities
5210,1,48248.1012,Medium
5211,0,0,No polluting facilities
5212,0,0,No polluting facilities
5213,0,0,No polluting facilities
5214,0,0,No polluting facilities
5220,0,0,No polluting facilities
5221,0,0,No polluting facilities
5222,0,0,No polluting facilities
5223,1,787.494,Low
5231,0,0,No polluting facilities
5232,0,0,No polluting facilities
5233,0,0,No polluting facilities
5234,0,0,No polluting facilities
5235,0,0,No polluting facilities
5236,0,0,No polluting facilities
5237,0,0,No polluting facilities
5238,0,0,No polluting facilities
5240,0,0,No polluting facilities
5241,1,136120.168,Medium
5242,0,0,No polluting facilities
5243,0,0,No polluting facilities
5244,0,0,No polluting facilities
5245,0,0,No polluting facilities
5250,1,25795.81,Medium
5251,0,0,No polluting facilities
5252,2,1070330.528,High
5253,4,63355.15546,Medium
5254,1,20346.71181,Medium
5255,1,254.1515102,Low
5256,0,0,No polluting facilities
5259,1,3536.862905,Low
5260,0,0,No polluting facilities
5261,1,13264.68504,Medium
5262,1,5291.98033,Low
5263,0,0,No polluting facilities
5264,0,0,No polluting facilities
5265,0,0,No polluting facilities
5266,0,0,No polluting facilities
5267,1,48968.18497,Medium
5268,1,24566.72908,Medium
5269,0,0,No polluting facilities
5270,0,0,No polluting facilities
5271,0,0,No polluting facilities
5272,0,0,No polluting facilities
5273,0,0,No polluting facilities
5275,0,0,No polluting facilities
5276,0,0,No polluting facilities
5277,2,803453.561,High
5278,1,1309.364864,Low
5279,1,39967.082,Medium
5280,2,88961.17367,Medium
5290,4,505215.5208,High
5291,2,32828.57,Medium
5301,0,0,No polluting facilities
5302,0,0,No polluting facilities
5303,0,0,No polluting facilities
5304,0,0,No polluting facilities
5306,0,0,No polluting facilities
5307,0,0,No polluting facilities
5308,0,0,No polluting facilities
5309,0,0,No polluting facilities
5310,0,0,No polluting facilities
5311,0,0,No polluting facilities
5320,0,0,No polluting facilities
5321,0,0,No polluting facilities
5322,0,0,No polluting facilities
5330,0,0,No polluting facilities
5331,0,0,No polluting facilities
5332,0,0,No polluting facilities
5333,0,0,No polluting facilities
5340,0,0,No polluting facilities
5341,0,0,No polluting facilities
5342,0,0,No polluting facilities
5343,1,2258.801537,Low
5344,2,22944.83588,Medium
5345,0,0,No polluting facilities
5346,0,0,No polluting facilities
5350,0,0,No polluting facilities
5351,0,0,No polluting facilities
5352,0,0,No polluting facilities
5353,4,933938.5964,High
5354,0,0,No polluting facilities
5355,3,28034.01078,Medium
5356,0,0,No polluting facilities
5357,1,2e-5,Low
5360,0,0,No polluting facilities
5371,0,0,No polluting facilities
5372,0,0,No polluting facilities
5373,0,0,No polluting facilities
5374,0,0,No polluting facilities
5381,0,0,No polluting facilities
5400,1,34940.132,Medium
5401,0,0,No polluting facilities
5410,0,0,No polluting facilities
5411,0,0,No polluting facilities
5412,0,0,No polluting facilities
5413,1,0.026,Low
5414,0,0,No polluting facilities
5415,1,65641.76603,Medium
5416,0,0,No polluting facilities
5417,1,19301.50015,Medium
5418,0,0,No polluting facilities
5419,1,163055.3,Medium
5420,0,0,No polluting facilities
5421,0,0,No polluting facilities
5422,1,48067.60748,Medium
5431,0,0,No polluting facilities
5432,0,0,No polluting facilities
5433,0,0,No polluting facilities
5434,0,0,No polluting facilities
5440,1,247811.57,Medium
5451,0,0,No polluting facilities
5452,0,0,No polluting facilities
5453,0,0,No polluting facilities
5454,0,0,No polluting facilities
5455,0,0,No polluting facilities
5460,0,0,No polluting facilities
5461,0,0,No polluting facilities
5462,0,0,No polluting facilities
5464,0,0,No polluting facilities
5470,0,0,No polluting facilities
5471,0,0,No polluting facilities
5472,0,0,No polluting facilities
5473,0,0,No polluting facilities
5480,1,7006.56118,Low
5481,0,0,No polluting facilities
5482,0,0,No polluting facilities
5483,0,0,No polluting facilities
5485,0,0,No polluting facilities
5490,0,0,No polluting facilities
5491,0,0,No polluting facilities
5493,0,0,No polluting facilities
5495,0,0,No polluting facilities
5501,1,0.015452933,Low
5502,1,95881.144,Medium
5510,0,0,No polluting facilities
5520,0,0,No polluting facilities
5521,0,0,No polluting facilities
5522,0,0,No polluting facilities
5523,0,0,No polluting facilities
5540,1,59928619.27,High
5550,2,12054.10117,Medium
5552,0,0,No polluting facilities
5554,1,3e-4,Low
5555,0,0,No polluting facilities
5556,0,0,No polluting facilities
5558,0,0,No polluting facilities
5560,0,0,No polluting facilities
5570,1,6984.989472,Low
5571,0,0,No polluting facilities
5572,0,0,No polluting facilities
5573,0,0,No polluting facilities
5575,1,272345.19,Medium
5576,0,0,No polluting facilities
5577,0,0,No polluting facilities
5580,0,0,No polluting facilities
5581,0,0,No polluting facilities
5582,0,0,No polluting facilities
5583,0,0,No polluting facilities
5600,4,9857499.252,High
5601,2,5381404.78,High
5602,0,0,No polluting facilities
5603,0,0,No polluting facilities
5604,0,0,No polluting facilities
5605,0,0,No polluting facilities
5606,2,4783.2655,Low
5607,1,22918.8563,Medium
5608,1,105551.129,Medium
5609,0,0,No polluting facilities
5630,0,0,No polluting facilities
5631,0,0,No polluting facilities
5632,0,0,No polluting facilities
5633,0,0,No polluting facilities
5640,0,0,No polluting facilities
5641,0,0,No polluting facilities
5642,0,0,No polluting facilities
5650,0,0,No polluting facilities
5651,0,0,No polluting facilities
5652,0,0,No polluting facilities
5653,0,0,No polluting facilities
5654,0,0,No polluting facilities
5655,0,0,No polluting facilities
5660,0,0,No polluting facilities
5661,0,0,No polluting facilities
5670,0,0,No polluting facilities
5671,0,0,No polluting facilities
5680,0,0,No polluting facilities
5690,2,1772958.388,High
5700,4,385947.9841,Medium
5701,1,729798.5576,High
5710,5,1243917.084,High
5713,0,0,No polluting facilities
5715,0,0,No polluting facilities
5717,0,0,No polluting facilities
5719,0,0,No polluting facilities
5720,0,0,No polluting facilities
5722,0,0,No polluting facilities
5723,2,3885009.018,High
5724,0,0,No polluting facilities
5725,1,5093601.39,High
5730,0,0,No polluting facilities
5731,22,6404569.456,High
5732,1,45139.95762,Medium
5733,0,0,No polluting facilities
5734,0,0,No polluting facilities
5950,0,0,No polluting facilities
5960,1,3753840.731,High
6000,1,2984.591637,Low
6003,0,0,No polluting facilities
6004,0,0,No polluting facilities
6005,0,0,No polluting facilities
6006,0,0,No polluting facilities
6007,0,0,No polluting facilities
6008,3,10837.53079,Medium
6009,3,25825.27168,Medium
6010,1,2503.82,Low
6011,0,0,No polluting facilities
6012,0,0,No polluting facilities
6014,0,0,No polluting facilities
6015,0,0,No polluting facilities
6016,0,0,No polluting facilities
6017,1,9630.100824,Low
6018,0,0,No polluting facilities
6019,0,0,No polluting facilities
6020,0,0,No polluting facilities
6021,1,6048.487247,Low
6022,0,0,No polluting facilities
6023,0,0,No polluting facilities
6024,0,0,No polluting facilities
6025,1,17991.78,Medium
6026,0,0,No polluting facilities
6027,1,4132.983,Low
6028,0,0,No polluting facilities
6029,0,0,No polluting facilities
6030,2,110720.1264,Medium
6031,1,67235.14663,Medium
6032,0,0,No polluting facilities
6033,0,0,No polluting facilities
6034,0,0,No polluting facilities
6035,0,0,No polluting facilities
6036,0,0,No polluting facilities
6037,0,0,No polluting facilities
6038,0,0,No polluting facilities
6041,0,0,No polluting facilities
6042,0,0,No polluting facilities
6043,0,0,No polluting facilities
6044,0,0,No polluting facilities
6050,0,0,No polluting facilities
6051,0,0,No polluting facilities
6052,0,0,No polluting facilities
6053,0,0,No polluting facilities
6054,0,0,No polluting facilities
6055,6,270979.2105,Medium
6056,5,829997.4154,High
6057,0,0,No polluting facilities
6058,2,29839.97464,Medium
6059,0,0,No polluting facilities
6060,0,0,No polluting facilities
6061,1,5509.26796,Low
6062,0,0,No polluting facilities
6063,0,0,No polluting facilities
6064,0,0,No polluting facilities
6065,2,25977.35668,Medium
6066,0,0,No polluting facilities
6067,0,0,No polluting facilities
6068,0,0,No polluting facilities
6069,0,0,No polluting facilities
6070,0,0,No polluting facilities
6071,0,0,No polluting facilities
6072,0,0,No polluting facilities
6073,0,0,No polluting facilities
6074,0,0,No polluting facilities
6076,1,427.9921416,Low
6077,0,0,No polluting facilities
6078,1,1876368.445,High
6079,0,0,No polluting facilities
6081,0,0,No polluting facilities
6082,0,0,No polluting facilities
6083,0,0,No polluting facilities
6084,1,747.5989601,Low
6090,2,34033.14573,Medium
6100,0,0,No polluting facilities
6101,0,0,No polluting facilities
6102,4,37635.20811,Medium
6103,0,0,No polluting facilities
6104,1,1329.2816,Low
6105,6,123689.5126,Medium
6106,7,71682.9262,Medium
6107,0,0,No polluting facilities
6108,0,0,No polluting facilities
6109,2,262061.4866,Medium
6110,2,135031.8188,Medium
6111,0,0,No polluting facilities
6112,2,105492.5737,Medium
6121,0,0,No polluting facilities
6122,1,38724.8755,Medium
6123,4,165137.969,Medium
6124,0,0,No polluting facilities
6125,0,0,No polluting facilities
6126,0,0,No polluting facilities
6147,0,0,No polluting facilities
6148,0,0,No polluting facilities
6149,0,0,No polluting facilities
6150,3,168780.8296,Medium
6151,0,0,No polluting facilities
6152,0,0,No polluting facilities
6153,0,0,No polluting facilities
6154,0,0,No polluting facilities
6155,5,40715.26425,Medium
6156,0,0,No polluting facilities
6157,2,918.350193,Low
6158,0,0,No polluting facilities
6159,2,39957.68299,Medium
6160,1,3541.248368,Low
6161,0,0,No polluting facilities
6162,0,0,No polluting facilities
6163,3,8927.408308,Low
6164,0,0,No polluting facilities
6165,7,3201836.475,High
6166,3,1159376.342,High
6167,10,8984154.477,High
6168,2,126072.5414,Medium
6169,0,0,No polluting facilities
6170,0,0,No polluting facilities
6171,2,71496.91247,Medium
6172,0,0,No polluting facilities
6173,0,0,No polluting facilities
6174,0,0,No polluting facilities
6175,0,0,No polluting facilities
6176,1,0.003,Low
6180,0,0,No polluting facilities
6181,0,0,No polluting facilities
6182,0,0,No polluting facilities
6207,1,439506.5892,Medium
6208,2,2441567.19,High
6209,0,0,No polluting facilities
6210,0,0,No polluting facilities
6211,0,0,No polluting facilities
6213,1,3615190.78,High
6214,0,0,No polluting facilities
6215,3,2866067.831,High
6218,0,0,No polluting facilities
6220,4,38770.9844,Medium
6221,0,0,No polluting facilities
6223,0,0,No polluting facilities
6224,1,2400.063602,Low
6225,7,100928652.5,High
6226,0,0,No polluting facilities
6227,1,156428.897,Medium
6228,0,0,No polluting facilities
6229,3,95398.57864,Medium
6230,6,278839.2283,Medium
6232,0,0,No polluting facilities
6233,6,1382041.171,High
6236,3,581615.7976,High
6237,2,89706.66761,Medium
6239,1,580.8426657,Low
6240,0,0,No polluting facilities
6243,0,0,No polluting facilities
6244,0,0,No polluting facilities
6251,0,0,No polluting facilities
6252,0,0,No polluting facilities
6253,0,0,No polluting facilities
6254,3,498340.8936,Medium
6255,1,543.6875649,Low
6256,0,0,No polluting facilities
6258,2,5190.03184,Low
6260,0,0,No polluting facilities
6262,0,0,No polluting facilities
6271,1,2324602.627,High
6275,0,0,No polluting facilities
6280,2,796369.74,High
6281,1,3956.342261,Low
6282,0,0,No polluting facilities
6284,0,0,No polluting facilities
6285,0,0,No polluting facilities
6286,1,1628.90588,Low
6288,0,0,No polluting facilities
6290,0,0,No polluting facilities
6302,0,0,No polluting facilities
6304,0,0,No polluting facilities
6306,0,0,No polluting facilities
6308,0,0,No polluting facilities
6309,0,0,No polluting facilities
6311,0,0,No polluting facilities
6312,1,1014.611201,Low
6313,0,0,No polluting facilities
6315,1,28939,Medium
6316,0,0,No polluting facilities
6317,0,0,No polluting facilities
6318,0,0,No polluting facilities
6320,0,0,No polluting facilities
6321,0,0,No polluting facilities
6322,0,0,No polluting facilities
6323,1,12987.1,Medium
6324,1,1.49479e-4,Low
6326,1,23363.11133,Medium
6327,0,0,No polluting facilities
6328,0,0,No polluting facilities
6330,3,40369.75159,Medium
6333,0,0,No polluting facilities
6335,0,0,No polluting facilities
6336,0,0,No polluting facilities
6337,0,0,No polluting facilities
6338,0,0,No polluting facilities
6341,0,0,No polluting facilities
6343,0,0,No polluting facilities
6346,1,392738.1395,Medium
6348,1,70253.5,Medium
6350,0,0,No polluting facilities
6351,0,0,No polluting facilities
6352,0,0,No polluting facilities
6353,0,0,No polluting facilities
6355,0,0,No polluting facilities
6356,0,0,No polluting facilities
6357,0,0,No polluting facilities
6358,0,0,No polluting facilities
6359,1,903353.6309,High
6361,0,0,No polluting facilities
6363,0,0,No polluting facilities
6365,0,0,No polluting facilities
6367,0,0,No polluting facilities
6368,0,0,No polluting facilities
6369,0,0,No polluting facilities
6370,0,0,No polluting facilities
6372,0,0,No polluting facilities
6373,0,0,No polluting facilities
6375,0,0,No polluting facilities
6383,0,0,No polluting facilities
6384,0,0,No polluting facilities
6385,0,0,No polluting facilities
6386,0,0,No polluting facilities
6390,3,20308374.36,High
6391,0,0,No polluting facilities
6392,0,0,No polluting facilities
6393,0,0,No polluting facilities
6394,0,0,No polluting facilities
6395,0,0,No polluting facilities
6396,0,0,No polluting facilities
6397,0,0,No polluting facilities
6398,0,0,No polluting facilities
6401,1,1311.759432,Low
6403,1,926.2616268,Low
6405,0,0,No polluting facilities
6407,0,0,No polluting facilities
6409,0,0,No polluting facilities
6410,0,0,No polluting facilities
6411,0,0,No polluting facilities
6412,0,0,No polluting facilities
6413,0,0,No polluting facilities
6414,0,0,No polluting facilities
6415,2,4438.300515,Low
6418,0,0,No polluting facilities
6419,0,0,No polluting facilities
6420,0,0,No polluting facilities
6421,0,0,No polluting facilities
6422,0,0,No polluting facilities
6423,1,1328696.332,High
6424,0,0,No polluting facilities
6425,0,0,No polluting facilities
6426,5,8080040.464,High
6427,2,4240344.728,High
6428,0,0,No polluting facilities
6429,5,3786230.929,High
6430,6,2356921.394,High
6431,16,54775038.1,High
6432,0,0,No polluting facilities
6434,4,2051272.867,High
6436,1,274.826,Low
6437,9,13561122.6,High
6438,10,7768644.933,High
6440,8,33793760.28,High
6442,3,503845.3551,Medium
6443,4,8885979.872,High
6445,0,0,No polluting facilities
6446,0,0,No polluting facilities
6447,0,0,No polluting facilities
6448,0,0,No polluting facilities
6450,6,3186612.1,High
6452,0,0,No polluting facilities
6460,0,0,No polluting facilities
6461,0,0,No polluting facilities
6462,0,0,No polluting facilities
6463,0,0,No polluting facilities
6465,0,0,No polluting facilities
6466,0,0,No polluting facilities
6467,0,0,No polluting facilities
6468,0,0,No polluting facilities
6470,0,0,No polluting facilities
6472,0,0,No polluting facilities
6473,0,0,No polluting facilities
6475,0,0,No polluting facilities
6476,0,0,No polluting facilities
6477,0,0,No polluting facilities
6479,0,0,No polluting facilities
6480,0,0,No polluting facilities
6484,0,0,No polluting facilities
6485,0,0,No polluting facilities
6487,0,0,No polluting facilities
6488,0,0,No polluting facilities
6489,0,0,No polluting facilities
6490,0,0,No polluting facilities
6501,2,526098.5824,High
6502,0,0,No polluting facilities
6503,2,129151.2551,Medium
6504,0,0,No polluting facilities
6505,0,0,No polluting facilities
6506,0,0,No polluting facilities
6507,2,6025931.386,High
6509,0,0,No polluting facilities
6510,0,0,No polluting facilities
6511,0,0,No polluting facilities
6512,0,0,No polluting facilities
6513,0,0,No polluting facilities
6514,0,0,No polluting facilities
6515,0,0,No polluting facilities
6516,0,0,No polluting facilities
6517,0,0,No polluting facilities
6518,2,379335.43,Medium
6519,1,17766.39,Medium
6521,0,0,No polluting facilities
6522,0,0,No polluting facilities
6525,4,578758.0673,High
6528,0,0,No polluting facilities
6530,2,154867.9823,Medium
6532,7,232358.6599,Medium
6535,1,140953.69,Medium
6536,0,0,No polluting facilities
6537,2,517603.217,High
6556,0,0,No polluting facilities
6558,0,0,No polluting facilities
6560,1,2063.750455,Low
6562,1,138795.7,Medium
6564,0,0,No polluting facilities
6566,0,0,No polluting facilities
6567,0,0,No polluting facilities
6568,0,0,No polluting facilities
6569,0,0,No polluting facilities
6571,0,0,No polluting facilities
6572,0,0,No polluting facilities
6574,0,0,No polluting facilities
6575,0,0,No polluting facilities
6603,0,0,No polluting facilities
6605,0,0,No polluting facilities
6606,0,0,No polluting facilities
6608,0,0,No polluting facilities
6609,0,0,No polluting facilities
6612,1,402779.0423,Medium
6613,0,0,No polluting facilities
6614,0,0,No polluting facilities
6616,0,0,No polluting facilities
6620,2,6268002.161,High
6623,0,0,No polluting facilities
6625,0,0,No polluting facilities
6627,0,0,No polluting facilities
6628,0,0,No polluting facilities
6630,2,70366.6995,Medium
6631,0,0,No polluting facilities
6632,1,119102.09,Medium
6635,4,3449981.618,High
6638,2,1474283.297,High
6639,0,0,No polluting facilities
6640,2,265829.2086,Medium
6642,10,8641814.958,High
6646,7,13031231.31,High
6701,5,463738.3173,Medium
6705,1,164283.04,Medium
6707,4,2997220.865,High
6710,5,1603632.058,High
6711,1,443380.941,Medium
6712,2,11686169.62,High
6713,1,2320877.394,High
6714,31,38741283.97,High
6716,2,3105303.613,High
6718,0,0,No polluting facilities
6720,0,0,No polluting facilities
6721,5,14782371.44,High
6722,13,8029329.173,High
6725,5,139145.3505,Medium
6726,0,0,No polluting facilities
6728,6,595861.0929,High
6731,0,0,No polluting facilities
6733,0,0,No polluting facilities
6740,1,46343.9396,Medium
6743,3,2393505.52,High
6751,15,61988831.54,High
6753,15,199441803.1,High
6754,0,0,No polluting facilities
6758,1,2930403.125,High
6760,2,2681082.923,High
6762,5,12213787.7,High
6765,1,13021.5,Medium
6770,3,609705.8292,High
6798,2,1289537.416,High
6799,2,111384.07,Medium
7000,2,156549.5679,Medium
7001,0,0,No polluting facilities
7004,3,21911.67344,Medium
7005,0,0,No polluting facilities
7007,0,0,No polluting facilities
7008,1,510.537369,Low
7009,1,474887.1,Medium
7010,2,43626.837270000004,Medium
7011,1,7729.707,Low
7012,0,0,No polluting facilities
7015,1,25619.46,Medium
7016,0,0,No polluting facilities
7017,0,0,No polluting facilities
7018,0,0,No polluting facilities
7019,0,0,No polluting facilities
7020,0,0,No polluting facilities
7021,0,0,No polluting facilities
7022,0,0,No polluting facilities
7023,0,0,No polluting facilities
7024,0,0,No polluting facilities
7025,0,0,No polluting facilities
7026,0,0,No polluting facilities
7027,0,0,No polluting facilities
7030,3,118158.3038,Medium
7050,0,0,No polluting facilities
7052,0,0,No polluting facilities
7053,0,0,No polluting facilities
7054,0,0,No polluting facilities
7055,0,0,No polluting facilities
7109,0,0,No polluting facilities
7112,0,0,No polluting facilities
7113,0,0,No polluting facilities
7116,1,14490.0178,Medium
7117,0,0,No polluting facilities
7119,0,0,No polluting facilities
7120,0,0,No polluting facilities
7139,0,0,No polluting facilities
7140,1,0.01,Low
7150,0,0,No polluting facilities
7155,0,0,No polluting facilities
7162,0,0,No polluting facilities
7163,0,0,No polluting facilities
7170,1,20627.85198,Medium
7171,0,0,No polluting facilities
7172,0,0,No polluting facilities
7173,0,0,No polluting facilities
7174,1,989.9224203,Low
7175,0,0,No polluting facilities
7176,0,0,No polluting facilities
7177,0,0,No polluting facilities
7178,0,0,No polluting facilities
7179,0,0,No polluting facilities
7180,0,0,No polluting facilities
7182,0,0,No polluting facilities
7183,0,0,No polluting facilities
7184,0,0,No polluting facilities
7185,0,0,No polluting facilities
7186,0,0,No polluting facilities
7187,0,0,No polluting facilities
7190,0,0,No polluting facilities
7209,0,0,No polluting facilities
7210,0,0,No polluting facilities
7211,0,0,No polluting facilities
7212,0,0,No polluting facilities
7213,0,0,No polluting facilities
7214,2,7870.30147,Low
7215,1,0.00784,Low
7216,0,0,No polluting facilities
7248,2,24812.48211,Medium
7249,1,212.7680557,Low
7250,3,167756.0487,Medium
7252,0,0,No polluting facilities
7253,7,6864152.645,High
7254,0,0,No polluting facilities
7255,1,36267.94737,Medium
7256,1,62504.3454,Medium
7257,0,0,No polluting facilities
7258,0,0,No polluting facilities
7259,0,0,No polluting facilities
7260,0,0,No polluting facilities
7261,0,0,No polluting facilities
7262,0,0,No polluting facilities
7263,0,0,No polluting facilities
7264,0,0,No polluting facilities
7265,0,0,No polluting facilities
7267,0,0,No polluting facilities
7268,0,0,No polluting facilities
7270,1,60551.934,Medium
7275,0,0,No polluting facilities
7276,0,0,No polluting facilities
7277,0,0,No polluting facilities
7290,0,0,No polluting facilities
7291,0,0,No polluting facilities
7292,0,0,No polluting facilities
7300,0,0,No polluting facilities
7301,2,45193.23644,Medium
7302,0,0,No polluting facilities
7303,2,3531.556229,Low
7304,1,528714.2643,High
7305,1,3622633.299,High
7306,1,46295.603,Medium
7307,1,36.77846977,Low
7310,4,281411.8817,Medium
7315,1,137067.8414,Medium
7316,1,3.2558,Low
7320,2,141889.5185,Medium
7321,4,4530722.776,High
7322,0,0,No polluting facilities
7325,2,17126.14876,Medium
7330,4,207274.9596,Medium
7331,0,0,No polluting facilities
7466,0,0,No polluting facilities
7467,0,0,No polluting facilities
7468,0,0,No polluting facilities
7469,1,377163.2869,Medium
7470,1,380030.0806,Medium
9494,0,0,No polluting facilities
9797,0,0,No polluting facilities
